user,num_posts,max_score_submissions,mean_score_submissions,min_score_submissions,mean_length_submissions,mean_impact,mean_novelty,mean_transience,mean_impact_5,mean_novelty_5,mean_transience_5,num_comments,max_score_comments,mean_score_comments,min_score_comments,mean_length_comments,pagerank
AliceTheGamedev,34.0,13.0,4.970588235294118,2.0,101.97058823529412,0.12249656019117217,8.574778934087258,8.415217697171716,0.19655060732500473,8.603613354667392,8.559571837775865,3.0,3.0,1.6666666666666667,1.0,579.0,0.3095686380117411
FeastYourEarTongues,1.0,6.0,6.0,6.0,1201.0,-0.6237680675604373,5.9983555109596525,6.62212357852009,-0.19350694165767646,6.344321063211097,6.537828004868773,,,,,,0.14112349753344675
PepsiMuppet,,,,,,,,,,,,1.0,1.0,1.0,1.0,18.0,0.05341217387758373
Shandragontear,1.0,5.0,5.0,5.0,136.0,-2.17008354762231,7.555601512404273,9.725685060026583,-0.28503329099639707,9.288518010199176,9.573551301195574,,,,,,0.05341217387758373
Technomancer_AO,,,,,,,,,,,,1.0,2.0,2.0,2.0,24.0,0.05341217387758373
Unkn0wnHero,1.0,3.0,3.0,3.0,183.0,0.2600700532272864,8.746635799386112,8.486565746158826,-0.20503094712775294,8.181824466579405,8.386855413707158,1.0,2.0,2.0,2.0,49.0,0.14112349753344675
ValllllllllleyGirl,,,,,,,,,,,,1.0,2.0,2.0,2.0,52.0,0.05341217387758373
boersc,1.0,3.0,3.0,3.0,3343.0,0.0975957674131509,5.274167992168962,5.1765722247558115,,5.2043936318914685,,,,,,,0.14112349753344675
horseaholic2010,6.0,6.0,4.333333333333333,3.0,52.833333333333336,0.13591085952293605,8.93675534465525,8.800844485132314,0.0895737524743853,9.537989122481664,9.448415370007277,,,,,,0.05341217387758373
